Seq_No,name,rating,reviews,domain,location,years_old,employee_strength,Domains,Market,Company_Type,
0,TCS,3.9,16.1k,Public,Mumbai + 156 more,52 years old,10000+ employees,Consulting, IT/ITES, MNC,
1,Accenture,4,14.1k,Private,Dublin + 87 more,31 years old,10000+ employees,Consulting, IT/ITES, MNC,
2,ICICI Bank,4.1,12.7k,Public,Mumbai + 724 more,26 years old,10000+ employees,Banking/Insurance/Accounting, Financial Services, MNC,
3,Cognizant,3.9,12.1k,Private,Teaneck + 44 more,26 years old,10000+ employees,IT/ITES, MNC,,
4,HDFC Bank,4,10.9k,Public,Mumbai + 692 more,26 years old,10000+ employees,Banking/Insurance/Accounting, Financial Services, Fortune500,
5,Infosys,3.9,10.8k,Public,Bangalore + 64 more,39 years old,10000+ employees,IT/ITES, Fortune500, MNC,
6,L&T,4.1,10.2k,Public,Mumbai + 333 more,82 years old,10000+ employees,Construction, Fortune500, Conglomerate,
7,Capgemini,3.3,9.6k,Private,Paris + 42 more,53 years old,10000+ employees,Computer Software, Consulting, IT/ITES,
8,Tech Mahindra,3.5,9.1k,Public,Pune + 138 more,34 years old,10000+ employees,Consulting, IT/ITES, MNC,
9,HCL Technologies,3.7,8.7k,Public,Noida + 106 more,14 years old,10000+ employees,Consulting, IT/ITES, Fortune500,
10,Tata Motors,4.1,8.3k,Public,Pune + 336 more,75 years old,10000+ employees,Automobile, Manufacturing, Fortune500,
11,IBM,4,8.2k,Private,New York + 69 more,109 years old,10000+ employees,Consulting, IT/ITES, MNC,
12,Reliance jio,4,7.9k,Public,Navi Mumbai + 588 more,10 years old,10000+ employees,Telecom/ISP, MNC,,
13,Genpact,4,7.7k,Private,New York + 31 more,23 years old,10000+ employees,Consulting, IT/ITES, MNC,
14,Axis Bank,4,7.6k,Public,Mumbai + 645 more,27 years old,10000+ employees,Banking/Insurance/Accounting, Financial Services, Fortune500,
15,Concentrix Daksh Service...,4,6.5k,,New Delhi + 36 more,21 years old,10000+ employees,BPO/KPO,,,
16,Wipro,3.8,6.5k,Public,Bangalore + 116 more,75 years old,10000+ employees,Consulting, IT/ITES, MNC,
17,Vodafone,4.3,6k,Public,Berkshire + 366 more,38 years old,10000+ employees,Telecom/ISP, MNC, Fortune500,
18,HDB Financial Services,4,5.5k,Private,Ahmedabad + 434 more,13 years old,10000+ employees,Financial Services,,,
19,Bharti Airtel,4.2,5.5k,Public,New Delhi + 339 more,25 years old,10000+ employees,Telecom/ISP, Fortune500,,
20,Kotak Mahindra Bank,3.8,5.2k,Public,Mumbai + 344 more,17 years old,10000+ employees,Banking/Insurance/Accounting, Financial Services, Conglomerate,
21,Amazon,4.2,4.9k,Private,Washington + 157 more,26 years old,10000+ employees,Consumer goods, Internet, Retail,
22,Reliance,4.2,4.6k,Public,Mumbai + 206 more,54 years old,10000+ employees,Oil/Gas/Petro Chemicals, Power & Energy, Fortune500,
23,Bajaj Finserv,4.1,3.8k,Public,Pune + 453 more,13 years old,10000+ employees,Financial Services, Fortune500,,
24,IndusInd Bank,3.6,3.7k,Public,Mumbai + 354 more,26 years old,10000+ employees,Banking/Insurance/Accounting, Financial Services, Fortune500,
25,Samsung,4.2,3.5k,Private,Seoul + 286 more,82 years old,10000+ employees,Consumer goods, Manufacturing, Electronics,
26,Hinduja Global Solutions,3.8,3.5k,Public,Bangalore + 48 more,20 years old,10000+ employees,BPO/KPO, MNC, Fortune500,
27,Indian Army,4.7,3.4k,Govt agency,New Delhi + 192 more,125 years old,10000+ employees,Defence, Federal Agencies, Government,
28,Mahindra & Mahindra,4.3,3.2k,Public,Mumbai + 275 more,75 years old,10000+ employees,Automobile, Machinery / Equipment, Manufacturing,
29,Ericsson,4.1,3.1k,Private,Stockholm + 110 more,144 years old,10000+ employees,Analytics, Research & Development, MNC,
30,Maruti Suzuki,4.2,3.1k,Public,New Delhi,India + 266 more,39 years old,10000+ employees,Automobile, Manufacturing,
31,IDEA Cellular,4.3,3k,Partnership,Mumbai + 284 more,25 years old,10000+ employees,Telecom/ISP,,,
32,Intelenet Global Service...,3.7,2.9k,Private,Mumbai + 54 more,20 years old,10000+ employees,BPO/KPO,,,
33,Teleperformance,3.8,2.9k,Private,Paris + 36 more,42 years old,10000+ employees,BPO/KPO, IT/ITES, MNC,
34,WNS,3.7,2.8k,Private,Mumbai + 15 more,24 years old,10000+ employees,BPO/KPO, MNC,,
35,Reliance Retail,4.2,2.8k,Private,Mumbai + 229 more,14 years old,10000+ employees,Retail, Textile/Apparel,,
36,ICICI Prudential Life In...,4.2,2.7k,Public,Mumbai + 317 more,19 years old,10000+ employees,Banking/Insurance/Accounting, Financial Services,,
37,Cipla Pharmaceutical,4,2.7k,Public,Mumbai + 140 more,85 years old,10000+ employees,Healthcare/Pharma, Manufacturing, Fortune500,
38,Aegis Global,3.6,2.7k,Private,Mumbai + 35 more,37 years old,10000+ employees,BPO/KPO, IT/ITES, MNC,
39,HSBC,4.1,2.7k,Private,London + 35 more,155 years old,10000+ employees,Banking/Insurance/Accounting, Financial Services, MNC,
40,Janalakshmi Financial Se...,3.8,2.6k,Public,Bangalore + 224 more,12 years old,10000+ employees,Banking/Insurance/Accounting,,,
41,Reliance Communications,3.9,2.6k,Public,Navi Mumbai + 301 more,18 years old,10000+ employees,Telecom/ISP, Fortune500,,
42,Dr. Reddy's,4.2,2.5k,Public,Hyderabad + 96 more,36 years old,10000+ employees,Healthcare/Pharma, Manufacturing, MNC,
43,Sutherland Global Servic...,3.9,2.5k,Private,Pittsford + 19 more,34 years old,10000+ employees,Recruitment, Facilities Management,,
44,DXC Technology,3.2,2.4k,Public,Tysons + 21 more,3 years old,10000+ employees,IT/ITES, MNC,,
45,Hewlett-Packard,4.3,2.4k,Private,California + 49 more,81 years old,10000+ employees,Computer Hardware, Computer Software, MNC,
46,Future Group,4.2,2.4k,Private,Mumbai + 165 more,33 years old,10000+ employees,Retail, Textile/Apparel, Conglomerate,
47,Home Credit Finance,4,2.3k,Private,Gurugram + 75 more,8 years old,10000+ employees,Banking/Insurance/Accounting,,,
48,Aditya Birla Fashion and...,4.2,2.3k,Private,Mumbai + 189 more,5 years old,10000+ employees,Retail, Textile/Apparel, Fashion/Accessories, Conglomerate
49,Mphasis,3.8,2.3k,Public,Bangalore + 29 more,20 years old,10000+ employees,Computer Software, IT/ITES, Fortune500,
50,Bajaj Allianz Life Insur...,4.1,2.3k,Private,Pune + 300 more,19 years old,10000+ employees,Banking/Insurance/Accounting, Financial Services,,
51,Yes Bank,3.8,2.3k,Public,Mumbai + 233 more,16 years old,10000+ employees,Banking/Insurance/Accounting, Financial Services, Fortune500,
52,Flipkart,4.3,2.2k,Private,Bangalore + 177 more,13 years old,10000+ employees,Consumer goods, Internet, Startup,
53,Lupin,4.2,2.2k,Public,Mumbai + 99 more,52 years old,10000+ employees,Healthcare/Pharma, Manufacturing, Fortune500,
54,WIPRO CONSUMER CARE & LI...,3.8,2.1k,Private,Bengaluru + 53 more,75 years old,5001-10000 employees,Consumer goods, FMCG, MNC,
55,Ernst & Young,3.8,2.1k,Private,London + 41 more,31 years old,10000+ employees,Banking/Insurance/Accounting, Consulting, MNC,
56,OPPO,4,2.1k,Public,Shenzhen + 239 more,16 years old,10000+ employees,Manufacturing, Electronics, MNC,
57,HDFC LIFE,4,2.1k,Partnership,Mumbai + 289 more,20 years old,10000+ employees,Banking/Insurance/Accounting, Financial Services,,
58,Asian Paints,4.3,2.1k,Public,Mumbai + 184 more,78 years old,5001-10000 employees,Consumer goods, Manufacturing, MNC,
59,PayTM,4,2.1k,Private,Noida + 174 more,10 years old,10000+ employees,Internet, Startup,,
60,Deloitte,3.9,2k,Private,New York + 29 more,175 years old,10000+ employees,Consulting, MNC,,
61,Nokia,4.4,2k,Private,Espoo + 142 more,155 years old,10000+ employees,Manufacturing, Electronics, MNC,
62,Hindustan Unilever,4.4,2k,Public,London + 220 more,91 years old,10000+ employees,Consumer goods, Food & Beverages, Manufacturing,
63,Wipro Infotech,3.9,2k,Private,Bangalore + 106 more,75 years old,10000+ employees,IT/ITES, MNC,,
64,Wipro BPS,3.8,1.9k,,Bengaluru + 22 more,20 years old,10000+ employees,BPO/KPO, IT/ITES,,
65,Shriram Transport Financ...,4.1,1.9k,Public,Mumbai + 408 more,41 years old,10000+ employees,Financial Services, Fortune500, Conglomerate,
66,Ashok Leyland,4.3,1.9k,Public,Chennai + 129 more,72 years old,10000+ employees,Automobile, Manufacturing, MNC,
67,Axis Securities,4,1.9k,Private,Mumbai + 225 more,15 years old,10000+ employees,Financial Services,,,
68,Hyundai Motor,4.3,1.9k,Private,Seoul + 157 more,53 years old,10000+ employees,Automobile, Machinery / Equipment, Manufacturing,
69,Shapoorji Pallonji,4.3,1.9k,Private,Mumbai + 95 more,155 years old,10000+ employees,Construction, Conglomerate,,
70,Sun Pharmaceutical Indus...,4,1.9k,Public,Mumbai + 100 more,37 years old,10000+ employees,Healthcare/Pharma, Research & Development, MNC,
71,Zydus Cadila,4.1,1.9k,Public,Ahmedabad, India + 97 more,68 years old,10000+ employees,Biotech & Life sciences, Healthcare/Pharma,
72,Vivo Smartphone,4,1.9k,Private,Dongguan + 226 more,11 years old,10000+ employees,Manufacturing, Electronics, MNC,
73,ITC,4.1,1.9k,Public,Kolkata + 121 more,110 years old,10000+ employees,Consumer goods, FMCG, Manufacturing,
74,Apollo Hospitals,4.1,1.8k,Public,Chennai + 92 more,37 years old,10000+ employees,Healthcare/Pharma, MNC, Fortune500,
75,UltraTech Cement,4.4,1.8k,Public,Mumbai + 200 more,37 years old,10000+ employees,Construction, Manufacturing, Fortune500,
76,Muthoot Fincorp,3.9,1.8k,Private,Kochi + 307 more,133 years old,10000+ employees,Financial Services, Fortune500,,
77,Mahindra & Mahindra Fina...,4.3,1.8k,,Mumbai + 342 more,29 years old,10000+ employees,Banking/Insurance/Accounting, Financial Services,,
78,NTT DATA,3.6,1.8k,Private,Tokyo, JAPAN + 18 more,32 years old,10000+ employees,IT/ITES, MNC,
79,IIFL,3.8,1.8k,Public,Mumbai + 265 more,25 years old,10000+ employees,Banking/Insurance/Accounting, Financial Services, Fortune500,
80,IDFC FIRST Bank,4,1.8k,Public,Mumbai + 144 more,26 years old,5001-10000 employees,Banking/Insurance/Accounting, Financial Services, Fortune500,
81,Dominos Pizza,4.2,1.8k,Public,Ann Arbor + 151 more,60 years old,10000+ employees,Food & Beverages, Travel & Tourism / Hospitality, MNC,
82,Ujjivan Small Finance Ba...,4.1,1.7k,Public,Bengaluru + 227 more,3 years old,10000+ employees,Banking/Insurance/Accounting, Financial Services,,
83,Bosch,4.2,1.7k,Public,Sttugart + 55 more,134 years old,10000+ employees,Engineering, Fortune500,,
84,TVS Motor,4.2,1.7k,Public,Hosur + 151 more,41 years old,5001-10000 employees,Automobile, Manufacturing, Transportation,
85,UnitedHealth,4.1,1.7k,Private,Minnesota + 10 more,43 years old,10000+ employees,Healthcare/Pharma,,,
86,EXL Service,3.8,1.7k,Private,New York, USA + 15 more,21 years old,10000+ employees,Consulting, IT/ITES,
87,Wipro Enterprises Ltd,3.7,1.7k,,Bangalore + 41 more,75 years old,10000+ employees,IT/ITES,,,
88,JBM Group,4,1.6k,Public,Gurugram + 50 more,37 years old,10000+ employees,Machinery / Equipment, Manufacturing, Conglomerate,
89,eClerx,3.7,1.6k,Public,Mumbai + 11 more,20 years old,5001-10000 employees,Consulting, IT/ITES,,
90,Aurobindo Pharma,4.1,1.6k,Public,Hyderabad + 26 more,34 years old,10000+ employees,Healthcare/Pharma, Fortune500, MNC,
91,Hero MotoCorp,4.2,1.6k,Public,New Delhi + 170 more,36 years old,10000+ employees,Automobile, Manufacturing, Fortune500,
92,NIIT Technologies,3.8,1.6k,Public,Noida + 101 more,16 years old,5001-10000 employees,Computer Software, IT/ITES, Fortune500,
93,Muthoot Group,3.8,1.6k,Public,New Delhi + 261 more,133 years old,10000+ employees,Financial Services, Conglomerate,,
94,Simplex Infrastructures,3.8,1.5k,Public,Kolkata + 92 more,96 years old,5001-10000 employees,Construction, Mining & Metals, Transportation,
95,Cyient,3.6,1.5k,Public,Hyderabad + 20 more,29 years old,10000+ employees,Engineering, IT/ITES, Manufacturing,
96,Oracle,3.7,1.5k,Private,California + 23 more,43 years old,10000+ employees,Computer Software, IT/ITES,,
97,Mylan Laboratories,4.2,1.5k,Private,Canonsburg,Pennsylvania + 37 more,59 years old,10000+ employees,Healthcare/Pharma, MNC,
98,Syntel,3.6,1.5k,Private,Troy + 11 more,40 years old,10000+ employees,IT/ITES, MNC,,
99,Max Life Insurance,4.3,1.5k,Partnership,Gurugram + 185 more,20 years old,10000+ employees,Banking/Insurance/Accounting, Financial Services,,
100,Fidelity National Inform...,3.9,1.5k,Private,Florida + 19 more,52 years old,10000+ employees,Financial Services, MNC,,
101,JP Morgan Chase,4.1,1.5k,Private,New York + 5 more,221 years old,10000+ employees,Banking/Insurance/Accounting, Financial Services, Fortune500,
102,Tata Teleservices,4.3,1.5k,Public,Mumbai + 143 more,24 years old,1001-5000 employees,IT/ITES, Telecom/ISP,,
103,JustDial,3.8,1.4k,Public,Mumbai + 86 more,24 years old,10000+ employees,Internet,,,
104,Siemens India,4.2,1.4k,Public,Mumbai + 67 more,153 years old,1001-5000 employees,Manufacturing, Electronics, Fortune500,
105,PwC,3.6,1.4k,Partnership,New York + 38 more,22 years old,10000+ employees,Banking/Insurance/Accounting, Consulting, Conglomerate,
106,Lava International,4.1,1.4k,Public,Noida + 175 more,11 years old,10000+ employees,Manufacturing, Electronics,,
107,First Source,4,1.4k,Public,Mumbai + 28 more,19 years old,10000+ employees,BPO/KPO, Fortune500,,
108,Dell,4.1,1.4k,Private,Texas + 47 more,36 years old,10000+ employees,Computer Hardware, Manufacturing, MNC,
109,Arvind Group,4.3,1.4k,Public,Ahmedabad + 110 more,89 years old,10000+ employees,Manufacturing, Textile/Apparel, Conglomerate,
110,State Bank of India,4.1,1.4k,Private,Mumbai + 198 more,65 years old,10000+ employees,Banking/Insurance/Accounting, Financial Services, Government, MNC
111,Manappuram Finance,3.9,1.4k,Public,Thrissur + 241 more,71 years old,10000+ employees,Financial Services, Fortune500,,
112,Motherson Sumi Systems,3.9,1.4k,Public,Noida + 44 more,34 years old,10000+ employees,Automobile, Machinery / Equipment, Manufacturing,
113,Oyo Rooms,3.5,1.4k,Private,Gurgaon + 77 more,7 years old,10000+ employees,Internet, Travel & Tourism / Hospitality, Startup,
114,Godrej & Boyce Manufactu...,4,1.3k,Private,Mumbai + 83 more,123 years old,10000+ employees,Consumer goods, MNC,,
115,JSW Steel,4,1.3k,Public,Mumbai + 44 more,38 years old,10000+ employees,Iron/Steel, Mining & Metals, MNC,
116,Larsen & Toubro Infotech,3.6,1.3k,Public,Mumbai + 48 more,24 years old,10000+ employees,Consulting, IT/ITES, MNC,
117,TATA Steel,4.2,1.3k,Public,Mumbai + 67 more,113 years old,10000+ employees,Iron/Steel, Manufacturing, Fortune500,
118,Abbott Healthcare,4.2,1.3k,Public,Illinois + 108 more,132 years old,10000+ employees,Healthcare/Pharma, MNC, Fortune500,
119,Fullerton India,4.2,1.3k,Private,Mumbai + 248 more,13 years old,10000+ employees,Financial Services, Fortune500, Startup,
120,McDonald's,4.3,1.3k,Private,Chicago + 91 more,66 years old,10000+ employees,Food & Beverages, Travel & Tourism / Hospitality, MNC,
121,Renault-Nissan,4,1.3k,Partnership,Amsterdam + 51 more,21 years old,10000+ employees,Automobile, Manufacturing, MNC,
122,LG Electronics,4.1,1.3k,Public,Greater Noida + 130 more,23 years old,10000+ employees,Consumer goods, Machinery / Equipment, Electronics,
123,Gati kwe,4,1.3k,Private,Hyderabad + 114 more,8 years old,5001-10000 employees,Logistics/Shipping,,,
124,NCC,4.2,1.3k,Public,Hyderabad + 118 more,42 years old,5001-10000 employees,Construction, Fortune500, Conglomerate,
125,Suzlon Group,4.1,1.3k,Public,Pune + 57 more,25 years old,5001-10000 employees,Manufacturing, Power & Energy, MNC,
126,Tata Communications,4.2,1.3k,Public,Mumbai + 67 more,34 years old,10000+ employees,Telecom/ISP, Fortune500,,
127,RBS,4.1,1.3k,Private,Edinburgh + 16 more,293 years old,10000+ employees,Banking/Insurance/Accounting, Financial Services, MNC,
128,Ford Motor,4.4,1.3k,Private,Michigan + 79 more,117 years old,10000+ employees,Automobile, Manufacturing, MNC,
129,Shoppers Stop,4.3,1.3k,Public,Mumbai + 51 more,29 years old,10000+ employees,Retail, Textile/Apparel, Fashion/Accessories,
130,Sodexo,4.2,1.3k,Private,Paris + 75 more,54 years old,10000+ employees,Food & Beverages, Facilities Management, MNC,
131,Mindtree,3.8,1.3k,Public,Bangalore + 12 more,21 years old,10000+ employees,BPO/KPO, IT/ITES, Fortune500,
132,Hindustan Coca Cola Beve...,4.4,1.3k,Private,Bangalore + 116 more,23 years old,10000+ employees,Food & Beverages, Manufacturing, MNC,
133,Omega Healthcare,3.9,1.3k,Private,Florida + 10 more,16 years old,10000+ employees,Computer Software, Healthcare/Pharma,,
134,Royal Enfield,4.2,1.2k,Private,Chennai + 138 more,119 years old,10000+ employees,Automobile, Manufacturing, Transportation,
135,Atos,3.9,1.2k,Private,Bezons + 21 more,23 years old,10000+ employees,IT/ITES, MNC,,
136,Bajaj Auto,4.1,1.2k,Public,Pune + 139 more,75 years old,10000+ employees,Automobile, Manufacturing, Transportation, Conglomerate
137,Subros,4,1.2k,Public,New Delhi + 19 more,35 years old,1001-5000 employees,Automobile, Machinery / Equipment, Manufacturing,
138,Bandhan Bank,3.8,1.2k,Public,Pune + 242 more,12 years old,10000+ employees,Banking/Insurance/Accounting, Financial Services, Fortune500,
139,AU Small Finance Bank,3.8,1.2k,Private,Jaipur + 160 more,24 years old,10000+ employees,Banking/Insurance/Accounting, Fortune500,,
140,iEnergizer,3.6,1.2k,Private,Noida + 8 more,20 years old,10000+ employees,BPO/KPO, IT/ITES, MNC,
141,Megha Engineering and In...,4.3,1.2k,Private,Hyderabad + 94 more,31 years old,5001-10000 employees,Construction, Engineering, Conglomerate,
142,Hetero Drugs,4,1.2k,Private,Hyderabad + 15 more,27 years old,10000+ employees,Healthcare/Pharma, Research & Development, MNC,
143,Honda,4.2,1.2k,Private,Tokyo + 120 more,72 years old,10000+ employees,Automobile, Manufacturing, Transportation,
144,JLL,4.3,1.2k,Private,Illinois + 41 more,23 years old,10000+ employees,Real Estate, MNC,,
145,Equitas Small Finance Ba...,3.8,1.1k,Private,Chennai + 205 more,13 years old,10000+ employees,Banking/Insurance/Accounting, Financial Services,,
146,KPMG,3.7,1.1k,Partnership,Amstelveen + 29 more,33 years old,10000+ employees,Banking/Insurance/Accounting, Consulting, Financial Services,
147,Thermax,4.2,1.1k,Public,Pune + 73 more,54 years old,10000+ employees,Machinery / Equipment, Manufacturing, Electronics,
148,Huawei Technologies,3.6,1.1k,Private,Shenzhen + 76 more,33 years old,10000+ employees,Engineering, Manufacturing, MNC,
149,PepsiCo,4.4,1.1k,Private,New York + 164 more,122 years old,10000+ employees,Food & Beverages, Manufacturing, MNC,
150,Cgi Group,3.9,1.1k,Private,Montreal + 7 more,44 years old,10000+ employees,Consulting, IT/ITES, MNC,
151,HCL Infosystems,3.9,1.1k,Public,Noida + 91 more,44 years old,10000+ employees,Computer Software, IT/ITES,,
152,Schneider Electric,4.2,1.1k,Private,Rueil-Malmaison + 47 more,184 years old,10000+ employees,Machinery / Equipment, Manufacturing, Electronics,
153,Titan Company,4.4,1.1k,Public,Bangalore + 89 more,36 years old,5001-10000 employees,Consumer goods, Retail, Fortune500,
154,DTDC Express,4,1.1k,Private,Bangalore + 138 more,30 years old,10000+ employees,Logistics/Shipping,,,
155,SBI Life Insurance Compa...,3.9,1.1k,Public,Mumbai + 258 more,20 years old,10000+ employees,Banking/Insurance/Accounting, Financial Services,,
156,Future Retail,4.2,1.1k,Public,Mumbai + 135 more,33 years old,10000+ employees,Consumer goods, Retail, Fashion/Accessories,
157,Hexaware Technologies,3.5,1.1k,Public,Mumbai + 12 more,30 years old,10000+ employees,BPO/KPO, Consulting, IT/ITES,
158,Reliance Life Insurance,3.8,1.1k,Private,Mumbai + 275 more,19 years old,10000+ employees,Banking/Insurance/Accounting, Financial Services,,
159,CMS IT Services,3.2,1.1k,Private,Bengaluru + 86 more,44 years old,5001-10000 employees,Manufacturing, Retail, Textile/Apparel,
160,ABB Group,4.2,1.1k,Public,Zurich + 67 more,32 years old,10000+ employees,Manufacturing, Electronics, Fortune500,
161,John Deere,4.4,1.1k,Private,Moline + 59 more,183 years old,10000+ employees,Machinery / Equipment, Manufacturing, MNC,
162,Fortis Healthcare,4.1,1.1k,Public,Gurugram + 43 more,19 years old,10000+ employees,Healthcare/Pharma, Fortune500,,
163,State Street Syntel,3.8,1.1k,Private,Mumbai + 5 more,40 years old,10000+ employees,IT/ITES,,,
164,CBRE,4.2,1.1k,Private,Los Angeles + 31 more,114 years old,10000+ employees,Real Estate,,,
165,Ipca Laboratories,4,1.1k,Public,Mumbai + 75 more,71 years old,10000+ employees,Healthcare/Pharma, MNC, Fortune500,
166,TAFE - Tractors and Farm...,4.2,1.1k,Public,Chennai + 86 more,60 years old,5001-10000 employees,Automobile, Manufacturing, Transportation,
167,Glenmark Pharmaceuticals,4.1,1.1k,Public,Mumbai + 72 more,43 years old,10000+ employees,Healthcare/Pharma, Fortune500,,
168,BNY Mellon,3.9,1.1k,Private,New York + 4 more,236 years old,10000+ employees,Financial Services,,,
169,Life Insurance Corporati...,4.4,1.1k,Private,Mumbai + 252 more,64 years old,10000+ employees,Banking/Insurance/Accounting, Financial Services, Government,
170,Cholamandalam Investment...,4.2,1.1k,Private,Chennai + 285 more,42 years old,10000+ employees,Banking/Insurance/Accounting, Financial Services, Fortune500,
171,SBI Cards & Payment Serv...,4,1.1k,Private,Gurugram + 134 more,22 years old,1001-5000 employees,Financial Services,,,
172,Kec International,4.3,1.1k,Public,Mumbai + 114 more,75 years old,5001-10000 employees,Machinery / Equipment, Manufacturing, Fortune500,
173,Standard Chartered Bank,4,1k,Private,London + 48 more,51 years old,10000+ employees,Banking/Insurance/Accounting, Financial Services, Fortune500,
174,VE Commercial Vehicles,4.1,1k,Private,Gurugram + 62 more,12 years old,10000+ employees,Automobile, Manufacturing,,
175,Dewan Housing Finance Co...,4.4,1k,Public,Mumbai + 160 more,36 years old,1001-5000 employees,Financial Services, Fortune500,,
176,Eureka Forbes,4,1k,Private,Mumbai + 118 more,38 years old,10000+ employees,Consumer goods, Manufacturing,,
177,Bel,4.4,1k,Private,Bangalore + 18 more,66 years old,10000+ employees,Airlines/Aviation/Aerospace, Defence, Manufacturing, Government
178,Intas Pharmaceuticals,4.2,1k,Private,Ahmedabad + 76 more,36 years old,10000+ employees,Biotech & Life sciences, Healthcare/Pharma, MNC,
179,Pfizer,4.4,1k,Public,New York + 77 more,171 years old,10000+ employees,Healthcare/Pharma, Manufacturing, Fortune500,
180,Honda Motorcycle & Scoot...,4.2,1k,Private,Gurugram + 109 more,21 years old,1001-5000 employees,Automobile, Manufacturing, Transportation,
181,Rivigo,3.8,1k,Private,Gurgaon + 113 more,6 years old,10000+ employees,Recruitment, Security Services, Startup,
182,Landmark Group,4.2,1k,Private,Dubai + 79 more,47 years old,10000+ employees,Retail, Textile/Apparel, Fashion/Accessories,
183,Bhushan Power & Steel,3.8,1k,Private,New Delhi + 39 more,50 years old,5001-10000 employees,Iron/Steel, Mining & Metals, Power & Energy,
184,ICICI Lombard General In...,4,1k,Public,Mumbai + 128 more,19 years old,5001-10000 employees,Banking/Insurance/Accounting, Financial Services, MNC,
185,Torrent Pharmaceuticals,4.2,1k,Public,Ahmedabad + 71 more,61 years old,10000+ employees,Healthcare/Pharma, Fortune500,,
186,Alkem Laboratories,4.1,1k,Public,Mumbai + 82 more,47 years old,10000+ employees,Biotech & Life sciences, Healthcare/Pharma, Fortune500,
187,Havells,4.2,1k,Public,Noida + 77 more,62 years old,10000+ employees,Manufacturing, Electronics, MNC,
188,Indian Oil Corporation,4.4,1k,Private,New Delhi + 123 more,61 years old,10000+ employees,Oil/Gas/Petro Chemicals, Power & Energy, Government,
189,ACC,4.2,999,Public,Mumbai + 102 more,84 years old,10000+ employees,Construction, Fortune500,,
190,Deutsche Bank AG,4.1,997,,Frankfurt + 21 more,150 years old,10000+ employees,Banking/Insurance/Accounting, Financial Services, Fortune500,
191,KPIT Technologies,3.6,996,Private,Pune + 17 more,26 years old,5001-10000 employees,Computer Software, IT/ITES, MNC,
192,UST Global,3.8,993,Private,Aliso Viejo + 20 more,21 years old,10000+ employees,IT/ITES,,,
193,Jindal Steel and Power,4.1,991,Private,New Delhi + 63 more,68 years old,10000+ employees,Iron/Steel, Manufacturing, Power & Energy,
194,Varun Beverages,4.1,990,Public,Gurgaon + 98 more,25 years old,1001-5000 employees,Food & Beverages, Manufacturing, Fortune500,
195,IQVIA,4,988,Partnership,Durham + 20 more,38 years old,10000+ employees,Healthcare/Pharma, IT/ITES,,
196,Ecom Express,4.1,984,Private,Gurugram + 239 more,8 years old,10000+ employees,Banking/Insurance/Accounting, Financial Services, Startup,
197,Indiamart Intermesh,3.7,983,Private,Noida + 50 more,24 years old,1001-5000 employees,Internet,,,
198,G4S,4.2,976,Private,London + 69 more,119 years old,10000+ employees,Security Services, MNC,,
199,L & T Finance,4.1,966,Public,Mumbai + 195 more,26 years old,10000+ employees,Financial Services,,,
200,Flextronics Technologies,4,964,Private,San Jose + 16 more,51 years old,10000+ employees,Financial Services,,,
201,Aircel,4.3,962,Private,Mumbai + 105 more,21 years old,5001-10000 employees,Telecom/ISP,,,
202,Bajaj Electricals,4.3,959,Public,Mumbai + 111 more,82 years old,10000+ employees,Machinery / Equipment, Manufacturing, Electronics,
203,D Mart,4.2,957,Private,Mumbai + 74 more,20 years old,1001-5000 employees,Retail, Fortune500,,
204,Indian Navy,4.7,941,Private,New Delhi + 45 more,73 years old,10000+ employees,Defence, Federal Agencies, Government,
205,American Express,4.3,939,Public,New York + 23 more,170 years old,10000+ employees,Financial Services, MNC,,
206,Radisson Hotels,4.2,939,Private,Brussels + 63 more,60 years old,10000+ employees,Travel & Tourism / Hospitality,,,
207,Macleods Pharmaceuticals,4.1,936,Public,Mumbai + 53 more,34 years old,5001-10000 employees,Biotech & Life sciences, Healthcare/Pharma,,
208,Dabur,4.3,935,Public,New Delhi + 119 more,136 years old,10000+ employees,Consumer goods, Healthcare/Pharma, Manufacturing,
209,Apollo Tyres,4.3,930,Public,Gurgaon + 90 more,48 years old,10000+ employees,Automobile, Manufacturing, MNC,
210,Alembic Pharmaceuticals,4.1,921,Public,Vadodara + 68 more,113 years old,10000+ employees,Healthcare/Pharma, Fortune500,,
211,Hindalco Industries,4.3,920,Public,Mumbai + 47 more,62 years old,10000+ employees,Manufacturing, Mining & Metals, Fortune500,
212,Delhi Public School,4,917,Private,Delhi + 158 more,71 years old,10000+ employees,Education, School / University,,
213,RSPL Group,4,915,Private,Kanpur + 85 more,32 years old,10000+ employees,Consumer goods,,,
214,Videocon d2h,3.8,914,Public,Mumbai + 127 more,11 years old,5001-10000 employees,Manufacturing, Electronics, Conglomerate,
215,Maersk Global Service Ce...,4.2,914,Private,Copenhagen + 9 more,21 years old,10000+ employees,Logistics/Shipping,,,
216,BHEL,4.4,914,Private,New Delhi + 61 more,64 years old,10000+ employees,Engineering, Manufacturing, Power & Energy,
217,MAGMA Fincorp,4.2,905,Public,Kolkata + 187 more,32 years old,10000+ employees,Manufacturing, Electronics, Fortune500,
218,Capita,3.6,903,Private,London,England + 5 more,36 years old,10000+ employees,BPO/KPO, Consulting,
219,Patanjali Ayurved,3.8,899,Private,New Delhi + 144 more,14 years old,10000+ employees,Beauty & Wellness, Consumer goods, Healthcare/Pharma,
220,Wells Fargo,4.1,898,Private,San Francisco + 5 more,168 years old,10000+ employees,Banking/Insurance/Accounting, Financial Services,,
221,DCB Bank,3.9,884,Private,Mumbai + 147 more,90 years old,5001-10000 employees,Banking/Insurance/Accounting, Fortune500,,
222,Team Lease,4,882,Public,Bangalore + 102 more,18 years old,10000+ employees,Recruitment consultant, Fortune500,,
223,Amdocs,4,881,Private,Chesterfield + 6 more,38 years old,10000+ employees,Logistics/Shipping, MNC,,
224,Thomson Reuters,4.2,876,Private,Toronto + 16 more,12 years old,10000+ employees,Computer Software, IT/ITES, MNC,
225,TVS Sundram Fasteners,4,870,Public,Chennai + 23 more,54 years old,10000+ employees,Construction, Fortune500,,
226,Pidilite Industries,4.4,866,Public,Mumbai + 108 more,61 years old,1001-5000 employees,Consumer goods, Manufacturing, Fortune500,
227,Big Bazaar,4.3,865,Private,Mumbai + 120 more,19 years old,10000+ employees,Retail, Textile/Apparel, Fashion/Accessories,
228,Karvy Fintech,3.6,863,,Hyderabad + 66 more,42 years old,5001-10000 employees,Construction,,,
229,Max Healthcare,4.1,859,Partnership,New Delhi + 41 more,35 years old,1001-5000 employees,Healthcare/Pharma,,,
230,Delhivery,4.1,857,Private,Gurgaon + 175 more,9 years old,10000+ employees,Logistics/Shipping, Startup,,
231,Rane TRW Steering System...,4.1,857,Private,Chennai + 41 more,33 years old,5001-10000 employees,Machinery / Equipment, Manufacturing,,
232,Ceat Tyres,4.3,856,Public,Mumbai + 65 more,62 years old,10000+ employees,Automobile, Machinery / Equipment, Manufacturing,
233,Jet Airways,4.5,844,Public,Mumbai + 40 more,27 years old,10000+ employees,Airlines/Aviation/Aerospace,,,
234,Nestle,4.2,841,Public,Vevey + 111 more,154 years old,10000+ employees,Food & Beverages, Manufacturing, Retail,
235,Adani Power,4.3,839,Public,Ahmedabad + 63 more,24 years old,1001-5000 employees,Manufacturing, Power & Energy, MNC,
236,24/7 Customer,3.8,837,Private,San Jose + 5 more,20 years old,10000+ employees,Computer Software, IT/ITES,,
237,Wockhardt,4.2,836,Public,Mumbai + 58 more,21 years old,5001-10000 employees,Healthcare/Pharma, Fortune500,,
238,Lifestyle,4.4,834,Private,Bangalore + 60 more,21 years old,10000+ employees,Retail, Textile/Apparel, Fashion/Accessories,
239,Vishal Mega Mart,4,825,Private,Gurugram + 138 more,34 years old,5001-10000 employees,Retail, Textile/Apparel,,
240,Voltas,4.2,824,Public,Mumbai + 91 more,66 years old,10000+ employees,Machinery / Equipment, Manufacturing, Electronics,
241,Dilip Buildcon,4.1,822,Public,Bhopal + 83 more,32 years old,10000+ employees,Construction, Fortune500,,
242,café Coffee day,4,819,Private,Banglore + 64 more,24 years old,10000+ employees,Food & Beverages, Retail,,
243,Yamaha Motor,4,818,Private,Iwata + 78 more,65 years old,10000+ employees,Automobile, Machinery / Equipment, Manufacturing,
244,Edelweiss,3.9,815,Public,Mumbai + 118 more,25 years old,10000+ employees,Financial Services, Conglomerate, Fortune500,
245,JMC Projects,4.2,809,Public,Mumbai + 46 more,38 years old,5001-10000 employees,Construction, IT/ITES,,
246,Kotak Mahindara Life Ins...,3.9,805,,Mumbai + 116 more,19 years old,10000+ employees,Banking/Insurance/Accounting, Financial Services,,
247,Blue Star,4.2,802,Public,Mumbai + 78 more,77 years old,10000+ employees,Consumer goods, Manufacturing, Electronics,
248,PNB MetLife,3.8,802,Private,Mumbai + 144 more,19 years old,10000+ employees,Banking/Insurance/Accounting, Financial Services,,
249,Exide Life Insurance,3.7,799,Private,Bengaluru + 146 more,19 years old,10000+ employees,Banking/Insurance/Accounting, Financial Services,,
250,Birla Sun Life Insurance,4.2,798,Partnership,Mumbai + 189 more,20 years old,10000+ employees,Financial Services,,,
251,Exide Industries,4,798,Public,Kolkata + 119 more,100 years old,10000+ employees,Manufacturing, Electronics, MNC,
252,MRF Tyres,3.8,793,Public,Chennai + 117 more,74 years old,10000+ employees,Manufacturing, Plastics/Rubber, Fortune500,
253,AFCONS Infrastructure,4.4,788,Partnership,Mumbai + 36 more,61 years old,5001-10000 employees,Construction,,,
254,RBL Bank,3.8,784,Public,Mumbai + 121 more,77 years old,10000+ employees,Banking/Insurance/Accounting, Fortune500,,
255,Udaan,4.2,784,Private,Bangalore + 139 more,4 years old,1001-5000 employees,Consumer goods, Internet, Retail,
256,Itc Infotech India,3.4,783,Private,Kolkata + 24 more,20 years old,10000+ employees,Consulting, IT/ITES,,
257,Cummins India,4.3,779,,Mumbai + 43 more,,,Fortune500,,,
258,PVR Cinemas,4.2,778,Public,Gurgaon + 65 more,23 years old,10000+ employees,Media & Entertainment / Publishing, Fortune500,,
259,Aakash Institute,3.5,775,Private,New Delhi + 108 more,32 years old,1001-5000 employees,Education, Training / Coaching institutes,,
260,Blue Dart Express,4.1,774,Public,Mumbai + 109 more,37 years old,10000+ employees,Logistics/Shipping, Fortune500,,
261,Ajanta Pharma,3.9,769,Public,Mumbai + 68 more,47 years old,5001-10000 employees,Biotech & Life sciences, Healthcare/Pharma, MNC,
262,Tata Motors Finance,4.3,769,Private,Thane + 169 more,63 years old,1001-5000 employees,Financial Services,,,
263,Biocon,4.2,768,Public,Bangalore + 44 more,42 years old,10000+ employees,Biotech & Life sciences, Healthcare/Pharma, Fortune500,
264,Micro Labs,3.8,765,Private,Bangalore + 73 more,47 years old,10000+ employees,Healthcare/Pharma, Manufacturing, Research & Development,
265,Bank of America,4.3,764,Private,Charlotte + 18 more,22 years old,10000+ employees,Banking/Insurance/Accounting, Financial Services, MNC,
266,Tata AIA Life Insurance,3.9,762,Private,Mumbai + 128 more,19 years old,10000+ employees,Financial Services,,,
267,Randstad,3.9,758,Private,Diemen + 105 more,60 years old,10000+ employees,Recruitment consultant,,,
268,Sterling & Wilson,4.2,755,Private,Mumbai + 49 more,93 years old,5001-10000 employees,Engineering, Machinery / Equipment, Fortune500,
269,Emcure Pharmaceuticals,3.7,753,Private,Pune + 59 more,39 years old,10000+ employees,Healthcare/Pharma, MNC,,
270,Mankind Pharma,4.1,747,Private,New Delhi + 101 more,25 years old,10000+ employees,Healthcare/Pharma, Manufacturing, MNC,
271,Punj Lloyd,4.2,743,Public,Gurugram + 60 more,32 years old,5001-10000 employees,Construction, Engineering,,
272,Force Motors,3.8,740,Public,Pune + 57 more,62 years old,10000+ employees,Automobile, Machinery / Equipment, Manufacturing,
273,BigBasket,4.1,740,Private,Bangalore + 29 more,9 years old,5001-10000 employees,Internet, Retail, Startup,
274,Shahi Exports,4.2,739,Private,Faridabad + 30 more,46 years old,10000+ employees,Import / Export, Manufacturing, Textile/Apparel,
275,Karvy Data Management Se...,3.6,738,Private,Hyderabad + 62 more,12 years old,1001-5000 employees,BPO/KPO, IT/ITES,,
276,I Process Services,3.8,736,Private,New Delhi + 125 more,15 years old,10000+ employees,Computer Software, Recruitment,,
277,Tata Capital Financial S...,4.2,731,Public,Mumbai + 89 more,13 years old,5001-10000 employees,Financial Services, Fortune500,,
278,Mahindra Holidays & Reso...,3.9,731,Private,Mumbai + 65 more,24 years old,10000+ employees,Travel & Tourism / Hospitality,,,
279,JK Tyres,3.9,728,Private,New Delhi + 83 more,69 years old,10000+ employees,Automobile, Manufacturing, Plastics/Rubber,
280,ACT Fibernet,4.1,728,Private,Bangalore + 22 more,12 years old,5001-10000 employees,Telecom/ISP,,,
281,3i Infotech,3.8,720,Public,Mumbai + 62 more,27 years old,5001-10000 employees,IT/ITES, MNC,,
282,Sobha,4.2,720,Public,Bangalore + 23 more,25 years old,1001-5000 employees,Construction, Real Estate, Fortune500,
283,Amara Raja Group,4.1,720,Public,Tirupati + 51 more,35 years old,10000+ employees,Construction, Manufacturing, Electronics,
284,Power Mech Projects,3.9,719,Public,Hyderabad + 65 more,21 years old,10000+ employees,Construction, Fortune500,,
285,Raymond,4.3,716,Public,Mumbai + 74 more,95 years old,10000+ employees,Manufacturing, Retail, Textile/Apparel, Conglomerate
286,Ambuja Cements,4.2,716,Public,Mumbai + 106 more,37 years old,10000+ employees,Construction, Fortune500,,
287,Vertex Customer Solution...,3.7,714,Private,Panchkula + 29 more,10 years old,10000+ employees,Recruitment consultant,,,
288,GSK Pharmaceuticals,4.3,714,,Gothenberg + 101 more,93 years old,10000+ employees,Healthcare/Pharma, Manufacturing, Fortune500,
289,Indiabulls,3.9,709,Public,Mumbai + 103 more,20 years old,10000+ employees,Financial Services, Conglomerate,,
290,GlobalLogic,3.7,706,Private,San Jose + 14 more,20 years old,10000+ employees,Computer Software, IT/ITES,,
291,IDBI Bank,4,705,Public,Mumbai + 179 more,56 years old,10000+ employees,Banking/Insurance/Accounting, Financial Services, Government,
292,Emami,3.9,704,Public,Kolkata + 94 more,46 years old,10000+ employees,Beauty & Wellness, Consumer goods, Conglomerate,
293,Brakes India,4.2,704,Partnership,Chennai + 36 more,58 years old,5001-10000 employees,Manufacturing, Electronics,,
294,Aon Hewitt,3.9,700,Private,London + 11 more,80 years old,10000+ employees,Recruitment consultant,,,
295,Reliance Digital,4.2,697,Private,Mumbai + 120 more,13 years old,10000+ employees,Retail, Electronics,,
296,Quess,4,696,Public,Bangalore + 110 more,13 years old,10000+ employees,BPO/KPO,,,
297,Indus Towers,4.1,694,Private,Gurgaon + 64 more,13 years old,10000+ employees,Telecom/ISP, Startup,,
298,Virtusa Consulting Servi...,3.3,692,Private,Southborough + 10 more,24 years old,10000+ employees,Consulting, IT/ITES,,
299,Conduent,3.5,691,Private,Florham Park,New Jersey + 10 more,3 years old,10000+ employees,BPO/KPO, IT/ITES,
